captions,lik_action_caption
💦 Naughty redhead fingering herself on cam,💦 Join Live
😈 Real cougar couple having sex live 🔥,💦 Join Live
💋 Horny lesbian playing with toys on cam – watch now 😈,🔥 Enter Room
🌟 blonde stripping with big boobs live now 🍒,📹 View Cam
🍑 Sexy MILF twerking and stripping live 🔥,📹 View Cam
😈 cougar dirty talking live right now – join her hot show 💦,😈 Go Private
💦 Naughty ebony fingering herself on cam,🔥 Click Here
🍑 Sexy redhead twerking and stripping live 🔥,🔥 Click Here
👄 MILF ASMR dirty talk and moaning 💋,💦 Join Live
😈 Latina playing with toys live right now – join her hot show 💦,😈 Go Private
😈 blonde riding live right now – join her hot show 💦,😈 Go Private
👅 MILF dirty talking and playing with toys 💦,🌟 Start Show
😈 Real Asian couple having sex live 🔥,📹 View Cam
👅 blonde dirty talking and playing with toys 💦,📹 View Cam
🌟 Asian squirting with big boobs live now 🍒,🌟 Start Show
🌟 trans dirty talking with big boobs live now 🍒,👀 Watch Now
😈 Real cougar couple having sex live 🔥,😈 Go Private
🍑 Sexy blonde twerking and stripping live 🔥,👀 Watch Now
🍑 Sexy teen twerking and stripping live 🔥,👀 Watch Now
💋 Horny teen blowjob on cam – watch now 😈,📹 View Cam
👄 redhead ASMR dirty talk and moaning 💋,🔥 Enter Room
😈 Real lesbian couple having sex live 🔥,👀 Watch Now
😈 Real MILF couple having sex live 🔥,👀 Watch Now
👅 Asian dirty talking and playing with toys 💦,📹 View Cam
👅 ebony dirty talking and playing with toys 💦,🔥 Enter Room
🌟 cougar twerking with big boobs live now 🍒,💦 Join Live
🌟 Latina blowjob with big boobs live now 🍒,🔥 Click Here
🌟 blonde anal play with big boobs live now 🍒,🔥 Enter Room
💋 Horny MILF blowjob on cam – watch now 😈,👀 Watch Now
👅 redhead dirty talking and playing with toys 💦,💦 Join Live
🍑 Big booty Asian riding dildo live,🌟 Start Show
👅 MILF dirty talking and playing with toys 💦,🌟 Start Show
👄 blonde ASMR dirty talk and moaning 💋,🌟 Start Show
👄 blonde ASMR dirty talk and moaning 💋,😈 Go Private
🍑 Big booty ebony riding dildo live,🌟 Start Show
👅 ebony dirty talking and playing with toys 💦,😈 Go Private
💋 Horny blonde blowjob on cam – watch now 😈,📹 View Cam
😈 Real Asian couple having sex live 🔥,👀 Watch Now
💦 Naughty trans fingering herself on cam,🔥 Enter Room
🍑 Sexy Asian twerking and stripping live 🔥,📹 View Cam
🔥 Hot Asian going live for private fun 😈,💦 Join Live
😈 Real Asian couple having sex live 🔥,📹 View Cam
🍑 Sexy MILF twerking and stripping live 🔥,💦 Join Live
🍑 Big booty lesbian riding dildo live,📹 View Cam
🍑 Big booty Latina riding dildo live,🔥 Click Here
👅 Latina dirty talking and playing with toys 💦,👀 Watch Now
💦 Naughty Asian fingering herself on cam,👀 Watch Now
👅 redhead dirty talking and playing with toys 💦,👀 Watch Now
😈 Latina twerking live right now – join her hot show 💦,💦 Join Live
👄 Asian ASMR dirty talk and moaning 💋,🌟 Start Show
💦 Naughty lesbian fingering herself on cam,🔥 Enter Room
💋 Horny Asian dirty talking on cam – watch now 😈,😈 Go Private
😈 Real Asian couple having sex live 🔥,😈 Go Private
👅 cougar dirty talking and playing with toys 💦,🔥 Enter Room
🌟 teen riding with big boobs live now 🍒,🌟 Start Show
🍑 Sexy Latina twerking and stripping live 🔥,😈 Go Private
😈 Real redhead couple having sex live 🔥,💦 Join Live
🌟 blonde squirting with big boobs live now 🍒,🔥 Enter Room
😈 Real teen couple having sex live 🔥,📹 View Cam
🌟 ebony fingering with big boobs live now 🍒,🔥 Enter Room
👄 trans ASMR dirty talk and moaning 💋,🔥 Click Here
👄 blonde ASMR dirty talk and moaning 💋,😈 Go Private
👅 blonde dirty talking and playing with toys 💦,🔥 Enter Room
🌟 redhead stripping with big boobs live now 🍒,😈 Go Private
🍑 Big booty MILF riding dildo live,🌟 Start Show
👄 trans ASMR dirty talk and moaning 💋,📹 View Cam
💦 Naughty trans fingering herself on cam,👀 Watch Now
🍑 Sexy MILF twerking and stripping live 🔥,🔥 Enter Room
💦 Naughty MILF fingering herself on cam,😈 Go Private
🔥 Hot trans going live for private fun 😈,📹 View Cam
😈 trans anal play live right now – join her hot show 💦,😈 Go Private
💋 Horny blonde twerking on cam – watch now 😈,🔥 Click Here
💋 Horny redhead playing with toys on cam – watch now 😈,🌟 Start Show
👅 redhead dirty talking and playing with toys 💦,🌟 Start Show
🍑 Big booty Latina riding dildo live,😈 Go Private
😈 Real ebony couple having sex live 🔥,👀 Watch Now
💦 Naughty redhead fingering herself on cam,😈 Go Private
😈 Real ebony couple having sex live 🔥,🔥 Enter Room
🍑 Big booty lesbian riding dildo live,👀 Watch Now
👄 MILF ASMR dirty talk and moaning 💋,😈 Go Private
👅 Latina dirty talking and playing with toys 💦,😈 Go Private
👄 Asian ASMR dirty talk and moaning 💋,💦 Join Live
👄 Latina ASMR dirty talk and moaning 💋,👀 Watch Now
👅 lesbian dirty talking and playing with toys 💦,💦 Join Live
👅 lesbian dirty talking and playing with toys 💦,😈 Go Private
🔥 Hot blonde going live for private fun 😈,🌟 Start Show
🍑 Sexy lesbian twerking and stripping live 🔥,💦 Join Live
👄 teen ASMR dirty talk and moaning 💋,🌟 Start Show
👄 redhead ASMR dirty talk and moaning 💋,📹 View Cam
👅 Asian dirty talking and playing with toys 💦,🔥 Enter Room
💦 Naughty trans fingering herself on cam,🌟 Start Show
🔥 Hot lesbian going live for private fun 😈,🔥 Enter Room
👅 Asian dirty talking and playing with toys 💦,😈 Go Private
🍑 Sexy lesbian twerking and stripping live 🔥,🔥 Enter Room
💋 Horny ebony playing with toys on cam – watch now 😈,😈 Go Private
🔥 Hot lesbian going live for private fun 😈,👀 Watch Now
😈 teen playing with toys live right now – join her hot show 💦,😈 Go Private
🍑 Big booty Latina riding dildo live,📹 View Cam
🌟 trans riding with big boobs live now 🍒,🌟 Start Show
💦 Naughty cougar fingering herself on cam,💦 Join Live
💦 Naughty cougar fingering herself on cam,👀 Watch Now
🌟 trans anal play with big boobs live now 🍒,🌟 Start Show
🌟 Latina anal play with big boobs live now 🍒,🌟 Start Show
👅 lesbian dirty talking and playing with toys 💦,🌟 Start Show
🌟 Latina dirty talking with big boobs live now 🍒,👀 Watch Now
👅 blonde dirty talking and playing with toys 💦,🌟 Start Show
😈 ebony orgasm live right now – join her hot show 💦,📹 View Cam
💋 Horny Latina blowjob on cam – watch now 😈,😈 Go Private
😈 Real lesbian couple having sex live 🔥,📹 View Cam
🍑 Big booty trans riding dildo live,💦 Join Live
🔥 Hot MILF going live for private fun 😈,📹 View Cam
👅 MILF dirty talking and playing with toys 💦,😈 Go Private
💋 Horny MILF anal play on cam – watch now 😈,🔥 Click Here
🍑 Sexy MILF twerking and stripping live 🔥,🌟 Start Show
😈 teen fingering live right now – join her hot show 💦,💦 Join Live
👅 blonde dirty talking and playing with toys 💦,🌟 Start Show
💦 Naughty ebony fingering herself on cam,🔥 Enter Room
💋 Horny redhead twerking on cam – watch now 😈,🔥 Click Here
😈 lesbian dirty talking live right now – join her hot show 💦,🔥 Click Here
🌟 lesbian stripping with big boobs live now 🍒,😈 Go Private
😈 redhead playing with toys live right now – join her hot show 💦,💦 Join Live
👅 MILF dirty talking and playing with toys 💦,🔥 Enter Room
🔥 Hot lesbian going live for private fun 😈,👀 Watch Now
💦 Naughty blonde fingering herself on cam,🌟 Start Show
👄 cougar ASMR dirty talk and moaning 💋,🌟 Start Show
💋 Horny MILF anal play on cam – watch now 😈,🔥 Enter Room
🍑 Big booty Asian riding dildo live,🔥 Enter Room
😈 blonde anal play live right now – join her hot show 💦,🔥 Enter Room
💋 Horny Latina stripping on cam – watch now 😈,😈 Go Private
🌟 ebony dirty talking with big boobs live now 🍒,🔥 Click Here
🔥 Hot cougar going live for private fun 😈,👀 Watch Now
🍑 Sexy teen twerking and stripping live 🔥,💦 Join Live
🍑 Sexy redhead twerking and stripping live 🔥,🔥 Enter Room
🍑 Sexy trans twerking and stripping live 🔥,💦 Join Live
😈 Real trans couple having sex live 🔥,💦 Join Live
🍑 Big booty Asian riding dildo live,😈 Go Private
🍑 Big booty cougar riding dildo live,📹 View Cam
👄 ebony ASMR dirty talk and moaning 💋,👀 Watch Now
🍑 Big booty Latina riding dildo live,🔥 Click Here
😈 Real trans couple having sex live 🔥,👀 Watch Now
👅 teen dirty talking and playing with toys 💦,🔥 Click Here
👄 teen ASMR dirty talk and moaning 💋,😈 Go Private
🔥 Hot trans going live for private fun 😈,🌟 Start Show
😈 ebony stripping live right now – join her hot show 💦,😈 Go Private
🌟 Asian riding with big boobs live now 🍒,😈 Go Private
👅 redhead dirty talking and playing with toys 💦,👀 Watch Now
🍑 Big booty teen riding dildo live,🔥 Enter Room
💦 Naughty redhead fingering herself on cam,🌟 Start Show
🔥 Hot redhead going live for private fun 😈,😈 Go Private
😈 teen dirty talking live right now – join her hot show 💦,💦 Join Live
💋 Horny redhead fingering on cam – watch now 😈,🔥 Click Here
🔥 Hot ebony going live for private fun 😈,👀 Watch Now
🍑 Big booty MILF riding dildo live,🌟 Start Show
💦 Naughty lesbian fingering herself on cam,🌟 Start Show
👄 Latina ASMR dirty talk and moaning 💋,💦 Join Live
💦 Naughty MILF fingering herself on cam,😈 Go Private
😈 teen blowjob live right now – join her hot show 💦,🔥 Click Here
👅 Asian dirty talking and playing with toys 💦,👀 Watch Now
👅 blonde dirty talking and playing with toys 💦,💦 Join Live
🍑 Sexy Asian twerking and stripping live 🔥,🔥 Enter Room
😈 Real trans couple having sex live 🔥,🌟 Start Show
😈 Real cougar couple having sex live 🔥,📹 View Cam
🌟 MILF blowjob with big boobs live now 🍒,💦 Join Live
😈 Real lesbian couple having sex live 🔥,👀 Watch Now
💦 Naughty teen fingering herself on cam,😈 Go Private
💋 Horny blonde stripping on cam – watch now 😈,🔥 Click Here
😈 Real cougar couple having sex live 🔥,💦 Join Live
🌟 blonde orgasm with big boobs live now 🍒,😈 Go Private
🌟 Asian riding with big boobs live now 🍒,🔥 Enter Room
👄 trans ASMR dirty talk and moaning 💋,📹 View Cam
💋 Horny lesbian orgasm on cam – watch now 😈,🌟 Start Show
💦 Naughty MILF fingering herself on cam,🌟 Start Show
🍑 Big booty Asian riding dildo live,💦 Join Live
😈 Real blonde couple having sex live 🔥,🔥 Click Here
🌟 lesbian riding with big boobs live now 🍒,😈 Go Private
💦 Naughty Asian fingering herself on cam,📹 View Cam
😈 ebony twerking live right now – join her hot show 💦,🔥 Click Here
💋 Horny ebony dirty talking on cam – watch now 😈,📹 View Cam
💋 Horny ebony twerking on cam – watch now 😈,🔥 Click Here
😈 Latina riding live right now – join her hot show 💦,🔥 Enter Room
💋 Horny blonde dirty talking on cam – watch now 😈,💦 Join Live
🍑 Sexy trans twerking and stripping live 🔥,📹 View Cam
🍑 Big booty blonde riding dildo live,💦 Join Live
🍑 Big booty blonde riding dildo live,😈 Go Private
🔥 Hot Asian going live for private fun 😈,🔥 Enter Room
👄 blonde ASMR dirty talk and moaning 💋,👀 Watch Now
🌟 Asian dirty talking with big boobs live now 🍒,😈 Go Private
🍑 Big booty blonde riding dildo live,😈 Go Private
👄 teen ASMR dirty talk and moaning 💋,👀 Watch Now
💦 Naughty blonde fingering herself on cam,🌟 Start Show
💦 Naughty blonde fingering herself on cam,👀 Watch Now
👄 trans ASMR dirty talk and moaning 💋,🌟 Start Show
🔥 Hot teen going live for private fun 😈,🔥 Click Here
👅 Asian dirty talking and playing with toys 💦,💦 Join Live
😈 Real cougar couple having sex live 🔥,🌟 Start Show
🍑 Big booty MILF riding dildo live,🔥 Click Here
👄 teen ASMR dirty talk and moaning 💋,💦 Join Live
💦 Naughty cougar fingering herself on cam,🌟 Start Show
🍑 Big booty redhead riding dildo live,📹 View Cam
🔥 Hot Latina going live for private fun 😈,📹 View Cam
👄 ebony ASMR dirty talk and moaning 💋,📹 View Cam
🌟 teen dirty talking with big boobs live now 🍒,🔥 Enter Room
👅 cougar dirty talking and playing with toys 💦,👀 Watch Now
😈 cougar playing with toys live right now – join her hot show 💦,🔥 Click Here
💋 Horny ebony riding on cam – watch now 😈,📹 View Cam
🌟 redhead twerking with big boobs live now 🍒,🌟 Start Show
😈 trans orgasm live right now – join her hot show 💦,🌟 Start Show
💋 Horny ebony stripping on cam – watch now 😈,😈 Go Private
💦 Naughty cougar fingering herself on cam,📹 View Cam
🍑 Sexy teen twerking and stripping live 🔥,🔥 Click Here
🍑 Big booty ebony riding dildo live,🌟 Start Show
🍑 Sexy cougar twerking and stripping live 🔥,📹 View Cam
🌟 blonde riding with big boobs live now 🍒,👀 Watch Now
🍑 Sexy Asian twerking and stripping live 🔥,🔥 Enter Room
👄 blonde ASMR dirty talk and moaning 💋,🔥 Click Here
🍑 Big booty Asian riding dildo live,🔥 Enter Room
🍑 Big booty Asian riding dildo live,🔥 Enter Room
👄 teen ASMR dirty talk and moaning 💋,🔥 Click Here
🌟 redhead anal play with big boobs live now 🍒,📹 View Cam
🔥 Hot teen going live for private fun 😈,😈 Go Private
👄 redhead ASMR dirty talk and moaning 💋,📹 View Cam
🔥 Hot Latina going live for private fun 😈,🔥 Click Here
🍑 Sexy lesbian twerking and stripping live 🔥,😈 Go Private
😈 Real Latina couple having sex live 🔥,😈 Go Private
💦 Naughty Asian fingering herself on cam,📹 View Cam
💦 Naughty redhead fingering herself on cam,🌟 Start Show
💋 Horny blonde playing with toys on cam – watch now 😈,👀 Watch Now
👄 Latina ASMR dirty talk and moaning 💋,🌟 Start Show
👅 ebony dirty talking and playing with toys 💦,🔥 Enter Room
😈 Real MILF couple having sex live 🔥,📹 View Cam
😈 Latina blowjob live right now – join her hot show 💦,🔥 Enter Room
😈 Real cougar couple having sex live 🔥,🔥 Click Here
👅 ebony dirty talking and playing with toys 💦,💦 Join Live
💋 Horny cougar dirty talking on cam – watch now 😈,🔥 Enter Room
🍑 Sexy redhead twerking and stripping live 🔥,🌟 Start Show
💋 Horny MILF orgasm on cam – watch now 😈,🌟 Start Show
💋 Horny teen fingering on cam – watch now 😈,💦 Join Live
🔥 Hot Asian going live for private fun 😈,🌟 Start Show
😈 blonde orgasm live right now – join her hot show 💦,🌟 Start Show
🍑 Sexy blonde twerking and stripping live 🔥,🔥 Click Here
😈 teen fingering live right now – join her hot show 💦,🔥 Enter Room
👅 Latina dirty talking and playing with toys 💦,🌟 Start Show
👄 redhead ASMR dirty talk and moaning 💋,👀 Watch Now
🔥 Hot blonde going live for private fun 😈,🔥 Click Here
😈 MILF blowjob live right now – join her hot show 💦,😈 Go Private
👄 cougar ASMR dirty talk and moaning 💋,🔥 Click Here
🍑 Sexy lesbian twerking and stripping live 🔥,📹 View Cam
👄 Asian ASMR dirty talk and moaning 💋,📹 View Cam
💦 Naughty blonde fingering herself on cam,🌟 Start Show
🔥 Hot MILF going live for private fun 😈,😈 Go Private
😈 Real Latina couple having sex live 🔥,🔥 Click Here
👅 Latina dirty talking and playing with toys 💦,🔥 Enter Room
🍑 Sexy blonde twerking and stripping live 🔥,👀 Watch Now
🍑 Sexy MILF twerking and stripping live 🔥,💦 Join Live
👄 Asian ASMR dirty talk and moaning 💋,🔥 Enter Room
🔥 Hot trans going live for private fun 😈,💦 Join Live
🍑 Sexy lesbian twerking and stripping live 🔥,🔥 Enter Room
🌟 blonde fingering with big boobs live now 🍒,🔥 Click Here
👄 cougar ASMR dirty talk and moaning 💋,😈 Go Private
💋 Horny ebony squirting on cam – watch now 😈,👀 Watch Now
💦 Naughty trans fingering herself on cam,🔥 Click Here
💋 Horny ebony blowjob on cam – watch now 😈,📹 View Cam
💦 Naughty teen fingering herself on cam,👀 Watch Now
🍑 Sexy Asian twerking and stripping live 🔥,📹 View Cam
👅 redhead dirty talking and playing with toys 💦,📹 View Cam
😈 Real teen couple having sex live 🔥,💦 Join Live
💋 Horny Asian riding on cam – watch now 😈,💦 Join Live
🌟 cougar twerking with big boobs live now 🍒,💦 Join Live
💋 Horny Asian playing with toys on cam – watch now 😈,💦 Join Live
👅 blonde dirty talking and playing with toys 💦,🔥 Enter Room
😈 Real trans couple having sex live 🔥,📹 View Cam
🍑 Sexy blonde twerking and stripping live 🔥,🔥 Click Here
👅 lesbian dirty talking and playing with toys 💦,🔥 Click Here
🔥 Hot MILF going live for private fun 😈,😈 Go Private
💦 Naughty teen fingering herself on cam,👀 Watch Now
👅 trans dirty talking and playing with toys 💦,👀 Watch Now
😈 Real Asian couple having sex live 🔥,👀 Watch Now
🔥 Hot teen going live for private fun 😈,😈 Go Private
💋 Horny Asian dirty talking on cam – watch now 😈,🔥 Click Here
😈 Real Asian couple having sex live 🔥,📹 View Cam
🍑 Sexy MILF twerking and stripping live 🔥,🔥 Click Here
😈 Real trans couple having sex live 🔥,🌟 Start Show
👅 teen dirty talking and playing with toys 💦,😈 Go Private
😈 Real teen couple having sex live 🔥,🔥 Click Here
💋 Horny teen riding on cam – watch now 😈,💦 Join Live
😈 teen playing with toys live right now – join her hot show 💦,📹 View Cam
👄 Latina ASMR dirty talk and moaning 💋,🔥 Enter Room
🍑 Sexy cougar twerking and stripping live 🔥,🔥 Enter Room
💦 Naughty Asian fingering herself on cam,👀 Watch Now
😈 Real Latina couple having sex live 🔥,🔥 Enter Room
🌟 trans fingering with big boobs live now 🍒,🔥 Click Here
🍑 Big booty teen riding dildo live,🔥 Click Here
💦 Naughty redhead fingering herself on cam,👀 Watch Now
💋 Horny cougar anal play on cam – watch now 😈,🔥 Click Here
🔥 Hot Latina going live for private fun 😈,📹 View Cam
💦 Naughty Latina fingering herself on cam,🔥 Enter Room
😈 cougar blowjob live right now – join her hot show 💦,💦 Join Live
🍑 Sexy Latina twerking and stripping live 🔥,💦 Join Live
🔥 Hot lesbian going live for private fun 😈,🔥 Click Here
😈 Latina blowjob live right now – join her hot show 💦,🌟 Start Show
😈 lesbian blowjob live right now – join her hot show 💦,🔥 Enter Room
😈 lesbian playing with toys live right now – join her hot show 💦,📹 View Cam
💦 Naughty ebony fingering herself on cam,👀 Watch Now
🍑 Sexy trans twerking and stripping live 🔥,🔥 Click Here
🌟 blonde riding with big boobs live now 🍒,🔥 Enter Room
👅 redhead dirty talking and playing with toys 💦,💦 Join Live
😈 Real cougar couple having sex live 🔥,🌟 Start Show
😈 trans anal play live right now – join her hot show 💦,🌟 Start Show
🍑 Sexy lesbian twerking and stripping live 🔥,🔥 Click Here
😈 Real Latina couple having sex live 🔥,🔥 Click Here
😈 Real redhead couple having sex live 🔥,📹 View Cam
👅 cougar dirty talking and playing with toys 💦,🔥 Click Here
💋 Horny Asian playing with toys on cam – watch now 😈,😈 Go Private
🌟 Asian anal play with big boobs live now 🍒,📹 View Cam
🍑 Sexy blonde twerking and stripping live 🔥,🔥 Click Here
🍑 Sexy MILF twerking and stripping live 🔥,📹 View Cam
🌟 lesbian squirting with big boobs live now 🍒,😈 Go Private
👅 teen dirty talking and playing with toys 💦,👀 Watch Now
💋 Horny Latina blowjob on cam – watch now 😈,🌟 Start Show
👅 trans dirty talking and playing with toys 💦,📹 View Cam
💋 Horny blonde twerking on cam – watch now 😈,🔥 Click Here
💦 Naughty teen fingering herself on cam,😈 Go Private
😈 redhead squirting live right now – join her hot show 💦,🌟 Start Show
🍑 Sexy cougar twerking and stripping live 🔥,💦 Join Live
👄 redhead ASMR dirty talk and moaning 💋,📹 View Cam
💦 Naughty cougar fingering herself on cam,🔥 Enter Room
👅 MILF dirty talking and playing with toys 💦,👀 Watch Now
👄 Asian ASMR dirty talk and moaning 💋,💦 Join Live
👄 cougar ASMR dirty talk and moaning 💋,📹 View Cam
🍑 Big booty cougar riding dildo live,💦 Join Live
😈 Real teen couple having sex live 🔥,👀 Watch Now
👅 redhead dirty talking and playing with toys 💦,💦 Join Live
💋 Horny lesbian stripping on cam – watch now 😈,👀 Watch Now
😈 trans fingering live right now – join her hot show 💦,😈 Go Private
😈 Real Latina couple having sex live 🔥,🔥 Click Here
🍑 Big booty MILF riding dildo live,😈 Go Private
🌟 blonde squirting with big boobs live now 🍒,📹 View Cam
👄 ebony ASMR dirty talk and moaning 💋,😈 Go Private
🌟 ebony blowjob with big boobs live now 🍒,🌟 Start Show
🔥 Hot MILF going live for private fun 😈,😈 Go Private
👅 Asian dirty talking and playing with toys 💦,🌟 Start Show
🌟 MILF squirting with big boobs live now 🍒,💦 Join Live
🍑 Big booty cougar riding dildo live,👀 Watch Now
👅 lesbian dirty talking and playing with toys 💦,📹 View Cam
👄 lesbian ASMR dirty talk and moaning 💋,👀 Watch Now
🍑 Sexy Asian twerking and stripping live 🔥,👀 Watch Now
💦 Naughty trans fingering herself on cam,😈 Go Private
🌟 teen twerking with big boobs live now 🍒,🔥 Enter Room
💋 Horny lesbian stripping on cam – watch now 😈,🔥 Enter Room
💦 Naughty Latina fingering herself on cam,📹 View Cam
😈 Real Asian couple having sex live 🔥,📹 View Cam
😈 Asian playing with toys live right now – join her hot show 💦,🌟 Start Show
👅 teen dirty talking and playing with toys 💦,📹 View Cam
🌟 redhead fingering with big boobs live now 🍒,😈 Go Private
🔥 Hot ebony going live for private fun 😈,👀 Watch Now
😈 Real redhead couple having sex live 🔥,🔥 Click Here
😈 Real blonde couple having sex live 🔥,📹 View Cam
💦 Naughty redhead fingering herself on cam,🔥 Click Here
🌟 cougar orgasm with big boobs live now 🍒,🔥 Click Here
😈 Real MILF couple having sex live 🔥,💦 Join Live
😈 teen playing with toys live right now – join her hot show 💦,🔥 Enter Room
🍑 Sexy Latina twerking and stripping live 🔥,👀 Watch Now
💋 Horny trans twerking on cam – watch now 😈,💦 Join Live
👄 blonde ASMR dirty talk and moaning 💋,🌟 Start Show
🍑 Sexy Latina twerking and stripping live 🔥,📹 View Cam
🍑 Sexy redhead twerking and stripping live 🔥,🔥 Enter Room
🔥 Hot trans going live for private fun 😈,📹 View Cam
👅 MILF dirty talking and playing with toys 💦,🔥 Click Here
👄 lesbian ASMR dirty talk and moaning 💋,🌟 Start Show
👅 cougar dirty talking and playing with toys 💦,📹 View Cam
💋 Horny redhead squirting on cam – watch now 😈,😈 Go Private
🍑 Big booty lesbian riding dildo live,👀 Watch Now
💦 Naughty Asian fingering herself on cam,😈 Go Private
🍑 Big booty blonde riding dildo live,😈 Go Private
💋 Horny ebony twerking on cam – watch now 😈,💦 Join Live
💋 Horny ebony dirty talking on cam – watch now 😈,🔥 Click Here
🔥 Hot ebony going live for private fun 😈,😈 Go Private
😈 Real teen couple having sex live 🔥,🌟 Start Show
🌟 ebony squirting with big boobs live now 🍒,📹 View Cam
🍑 Big booty lesbian riding dildo live,😈 Go Private
👄 blonde ASMR dirty talk and moaning 💋,💦 Join Live
😈 Asian playing with toys live right now – join her hot show 💦,🔥 Click Here
👄 teen ASMR dirty talk and moaning 💋,🔥 Click Here
🍑 Big booty teen riding dildo live,🔥 Click Here
🌟 cougar playing with toys with big boobs live now 🍒,🌟 Start Show
💦 Naughty lesbian fingering herself on cam,📹 View Cam
💋 Horny redhead anal play on cam – watch now 😈,🌟 Start Show
💦 Naughty teen fingering herself on cam,📹 View Cam
👄 Asian ASMR dirty talk and moaning 💋,😈 Go Private
🍑 Big booty teen riding dildo live,🌟 Start Show
🔥 Hot ebony going live for private fun 😈,💦 Join Live
🍑 Big booty ebony riding dildo live,🌟 Start Show
🌟 Latina stripping with big boobs live now 🍒,💦 Join Live
🔥 Hot ebony going live for private fun 😈,💦 Join Live
😈 MILF playing with toys live right now – join her hot show 💦,💦 Join Live
🍑 Big booty trans riding dildo live,🔥 Click Here
💋 Horny trans twerking on cam – watch now 😈,🔥 Click Here
🍑 Sexy Asian twerking and stripping live 🔥,🔥 Click Here
🌟 Asian dirty talking with big boobs live now 🍒,📹 View Cam
🍑 Sexy cougar twerking and stripping live 🔥,🔥 Click Here
💦 Naughty teen fingering herself on cam,🌟 Start Show
💋 Horny redhead riding on cam – watch now 😈,😈 Go Private
🌟 Latina twerking with big boobs live now 🍒,👀 Watch Now
😈 redhead riding live right now – join her hot show 💦,🔥 Click Here
💋 Horny redhead blowjob on cam – watch now 😈,👀 Watch Now
😈 Real blonde couple having sex live 🔥,😈 Go Private
💦 Naughty trans fingering herself on cam,📹 View Cam
😈 Real blonde couple having sex live 🔥,🔥 Click Here
🔥 Hot ebony going live for private fun 😈,📹 View Cam
😈 Real ebony couple having sex live 🔥,🔥 Enter Room
😈 Real Asian couple having sex live 🔥,👀 Watch Now
💋 Horny trans playing with toys on cam – watch now 😈,😈 Go Private
👅 Asian dirty talking and playing with toys 💦,🌟 Start Show
😈 Real lesbian couple having sex live 🔥,💦 Join Live
🌟 lesbian riding with big boobs live now 🍒,💦 Join Live
🍑 Sexy ebony twerking and stripping live 🔥,💦 Join Live
😈 Real lesbian couple having sex live 🔥,💦 Join Live
👅 blonde dirty talking and playing with toys 💦,👀 Watch Now
👅 Asian dirty talking and playing with toys 💦,👀 Watch Now
👄 teen ASMR dirty talk and moaning 💋,😈 Go Private
💦 Naughty Latina fingering herself on cam,🔥 Click Here
👄 Latina ASMR dirty talk and moaning 💋,🔥 Click Here
👄 redhead ASMR dirty talk and moaning 💋,😈 Go Private
🍑 Sexy teen twerking and stripping live 🔥,🌟 Start Show
💦 Naughty ebony fingering herself on cam,💦 Join Live
👄 redhead ASMR dirty talk and moaning 💋,😈 Go Private
😈 Asian squirting live right now – join her hot show 💦,🔥 Enter Room
🌟 MILF fingering with big boobs live now 🍒,🌟 Start Show
💋 Horny ebony squirting on cam – watch now 😈,💦 Join Live
💦 Naughty lesbian fingering herself on cam,🌟 Start Show
👅 blonde dirty talking and playing with toys 💦,🔥 Click Here
🔥 Hot MILF going live for private fun 😈,🔥 Click Here
🌟 Asian dirty talking with big boobs live now 🍒,😈 Go Private
👄 lesbian ASMR dirty talk and moaning 💋,👀 Watch Now
😈 cougar twerking live right now – join her hot show 💦,📹 View Cam
💦 Naughty Asian fingering herself on cam,💦 Join Live
😈 Real Asian couple having sex live 🔥,👀 Watch Now
😈 Latina playing with toys live right now – join her hot show 💦,💦 Join Live
🍑 Big booty blonde riding dildo live,🔥 Click Here
👄 teen ASMR dirty talk and moaning 💋,🔥 Enter Room
🍑 Big booty MILF riding dildo live,🔥 Enter Room
💦 Naughty blonde fingering herself on cam,📹 View Cam
😈 Asian fingering live right now – join her hot show 💦,📹 View Cam
🍑 Sexy Asian twerking and stripping live 🔥,💦 Join Live
😈 blonde anal play live right now – join her hot show 💦,😈 Go Private
🍑 Sexy redhead twerking and stripping live 🔥,😈 Go Private
🔥 Hot teen going live for private fun 😈,😈 Go Private
😈 trans orgasm live right now – join her hot show 💦,💦 Join Live
👅 Latina dirty talking and playing with toys 💦,📹 View Cam
😈 Real redhead couple having sex live 🔥,👀 Watch Now
💦 Naughty redhead fingering herself on cam,🔥 Enter Room
👄 lesbian ASMR dirty talk and moaning 💋,👀 Watch Now
😈 Asian squirting live right now – join her hot show 💦,🔥 Enter Room
😈 teen stripping live right now – join her hot show 💦,📹 View Cam
😈 Real lesbian couple having sex live 🔥,👀 Watch Now
😈 teen stripping live right now – join her hot show 💦,🌟 Start Show
🍑 Big booty MILF riding dildo live,💦 Join Live
🍑 Sexy trans twerking and stripping live 🔥,💦 Join Live
💋 Horny trans playing with toys on cam – watch now 😈,🔥 Click Here
🔥 Hot ebony going live for private fun 😈,😈 Go Private
🔥 Hot Latina going live for private fun 😈,📹 View Cam
🌟 lesbian playing with toys with big boobs live now 🍒,🔥 Click Here
🔥 Hot blonde going live for private fun 😈,😈 Go Private
💦 Naughty ebony fingering herself on cam,😈 Go Private
🔥 Hot blonde going live for private fun 😈,👀 Watch Now
👅 Latina dirty talking and playing with toys 💦,💦 Join Live
🔥 Hot Asian going live for private fun 😈,🔥 Click Here
👄 ebony ASMR dirty talk and moaning 💋,📹 View Cam
💋 Horny MILF riding on cam – watch now 😈,😈 Go Private
🔥 Hot trans going live for private fun 😈,😈 Go Private
🍑 Sexy ebony twerking and stripping live 🔥,👀 Watch Now
👄 MILF ASMR dirty talk and moaning 💋,🔥 Enter Room
💦 Naughty redhead fingering herself on cam,👀 Watch Now
🍑 Sexy teen twerking and stripping live 🔥,📹 View Cam
🍑 Big booty lesbian riding dildo live,👀 Watch Now
💦 Naughty ebony fingering herself on cam,🔥 Enter Room
😈 Real ebony couple having sex live 🔥,😈 Go Private
👄 teen ASMR dirty talk and moaning 💋,😈 Go Private
😈 teen twerking live right now – join her hot show 💦,😈 Go Private
💦 Naughty redhead fingering herself on cam,😈 Go Private
💋 Horny redhead riding on cam – watch now 😈,😈 Go Private
👅 Asian dirty talking and playing with toys 💦,🔥 Enter Room
😈 Latina orgasm live right now – join her hot show 💦,💦 Join Live
💋 Horny trans anal play on cam – watch now 😈,😈 Go Private
🌟 redhead squirting with big boobs live now 🍒,😈 Go Private
👅 MILF dirty talking and playing with toys 💦,📹 View Cam
👄 Latina ASMR dirty talk and moaning 💋,👀 Watch Now
🍑 Sexy MILF twerking and stripping live 🔥,😈 Go Private
💦 Naughty Latina fingering herself on cam,🔥 Enter Room
🍑 Sexy cougar twerking and stripping live 🔥,🌟 Start Show
🔥 Hot lesbian going live for private fun 😈,🌟 Start Show
🍑 Big booty Latina riding dildo live,📹 View Cam
🍑 Sexy MILF twerking and stripping live 🔥,😈 Go Private
🔥 Hot Latina going live for private fun 😈,📹 View Cam
🍑 Sexy Asian twerking and stripping live 🔥,😈 Go Private
🌟 teen orgasm with big boobs live now 🍒,💦 Join Live
👄 MILF ASMR dirty talk and moaning 💋,👀 Watch Now
💋 Horny MILF playing with toys on cam – watch now 😈,😈 Go Private
🌟 Asian dirty talking with big boobs live now 🍒,🌟 Start Show
🍑 Big booty cougar riding dildo live,💦 Join Live
